merchant_id,store_name,city,join_date,segment
M0001,Hanout 1,Casablanca,2025-11-16,Standard
M0002,Hanout 2,Tangier,2025-10-12,Premium
M0003,Hanout 3,Fès,2025-12-01,Standard
M0004,Hanout 4,Marrakech,2025-12-19,Standard
M0005,Hanout 5,Casablanca,2025-12-22,Standard
M0006,Hanout 6,Casablanca,2025-10-08,Standard
M0007,Hanout 7,Casablanca,2026-02-26,Standard
M0008,Hanout 8,Agadir,2025-12-20,Standard
M0009,Hanout 9,Marrakech,2026-01-26,Standard
M0010,Hanout 10,Fès,2025-10-25,Standard
M0011,Hanout 11,Casablanca,2025-12-28,Standard
M0012,Hanout 12,Tangier,2025-10-12,Standard
M0013,Hanout 13,Agadir,2026-02-20,Standard
M0014,Hanout 14,Casablanca,2025-11-28,Standard
M0015,Hanout 15,Casablanca,2026-03-03,Standard
M0016,Hanout 16,Casablanca,2026-01-17,Standard
M0017,Hanout 17,Casablanca,2025-10-26,Premium
M0018,Hanout 18,Rabat,2025-11-16,Standard
M0019,Hanout 19,Rabat,2025-11-01,Standard
M0020,Hanout 20,Casablanca,2025-10-10,Premium
M0021,Hanout 21,Marrakech,2025-10-16,Standard
M0022,Hanout 22,Casablanca,2026-02-22,Standard
M0023,Hanout 23,Casablanca,2026-02-28,Standard
M0024,Hanout 24,Casablanca,2025-10-26,Standard
M0025,Hanout 25,Rabat,2025-12-25,Standard
M0026,Hanout 26,Fès,2026-02-12,Standard
M0027,Hanout 27,Casablanca,2025-10-14,Standard
M0028,Hanout 28,Rabat,2025-12-18,Standard
M0029,Hanout 29,Marrakech,2026-01-25,Premium
M0030,Hanout 30,Casablanca,2025-10-07,Premium
M0031,Hanout 31,Marrakech,2026-02-14,Standard
M0032,Hanout 32,Casablanca,2026-01-23,Standard
M0033,Hanout 33,Casablanca,2026-03-25,Standard
M0034,Hanout 34,Tangier,2025-12-11,Standard
M0035,Hanout 35,Tangier,2025-11-28,Standard
M0036,Hanout 36,Agadir,2025-12-21,Standard
M0037,Hanout 37,Casablanca,2026-01-24,Premium
M0038,Hanout 38,Casablanca,2026-03-16,Standard
M0039,Hanout 39,Marrakech,2026-02-23,Standard
M0040,Hanout 40,Rabat,2026-01-11,Standard
M0041,Hanout 41,Casablanca,2025-10-17,Standard
M0042,Hanout 42,Rabat,2025-10-14,Premium
M0043,Hanout 43,Casablanca,2026-03-08,Standard
M0044,Hanout 44,Tangier,2026-03-01,Standard
M0045,Hanout 45,Casablanca,2026-01-16,Standard
M0046,Hanout 46,Marrakech,2025-11-14,Standard
M0047,Hanout 47,Casablanca,2026-01-06,Standard
M0048,Hanout 48,Rabat,2026-02-08,Standard
M0049,Hanout 49,Rabat,2025-11-06,Standard
M0050,Hanout 50,Casablanca,2026-03-20,Standard
M0051,Hanout 51,Tangier,2026-03-17,Standard
M0052,Hanout 52,Fès,2026-01-16,Standard
M0053,Hanout 53,Tangier,2025-11-08,Standard
M0054,Hanout 54,Agadir,2025-10-15,Standard
M0055,Hanout 55,Marrakech,2026-01-28,Standard
M0056,Hanout 56,Tangier,2025-10-04,Premium
M0057,Hanout 57,Casablanca,2026-01-01,Premium
M0058,Hanout 58,Casablanca,2026-03-02,Premium
M0059,Hanout 59,Casablanca,2026-02-18,Standard
M0060,Hanout 60,Casablanca,2026-03-10,Standard
M0061,Hanout 61,Casablanca,2025-10-16,Standard
M0062,Hanout 62,Casablanca,2026-03-19,Standard
M0063,Hanout 63,Agadir,2026-01-16,Premium
M0064,Hanout 64,Casablanca,2026-02-03,Standard
M0065,Hanout 65,Casablanca,2025-11-24,Standard
M0066,Hanout 66,Rabat,2026-03-19,Standard
M0067,Hanout 67,Casablanca,2025-11-03,Standard
M0068,Hanout 68,Agadir,2026-03-07,Standard
M0069,Hanout 69,Casablanca,2025-10-13,Standard
M0070,Hanout 70,Tangier,2026-02-18,Standard
M0071,Hanout 71,Fès,2025-10-18,Standard
M0072,Hanout 72,Casablanca,2026-03-09,Standard
M0073,Hanout 73,Casablanca,2026-01-04,Standard
M0074,Hanout 74,Agadir,2026-01-31,Premium
M0075,Hanout 75,Fès,2025-11-08,Premium
M0076,Hanout 76,Fès,2025-11-15,Standard
M0077,Hanout 77,Fès,2025-10-29,Standard
M0078,Hanout 78,Casablanca,2025-12-01,Standard
M0079,Hanout 79,Casablanca,2025-10-16,Standard
M0080,Hanout 80,Casablanca,2026-01-29,Standard
M0081,Hanout 81,Agadir,2025-10-10,Premium
M0082,Hanout 82,Marrakech,2026-03-07,Standard
M0083,Hanout 83,Casablanca,2026-03-02,Premium
M0084,Hanout 84,Casablanca,2026-01-11,Standard
M0085,Hanout 85,Casablanca,2025-12-23,Standard
M0086,Hanout 86,Casablanca,2026-02-10,Standard
M0087,Hanout 87,Fès,2025-12-04,Premium
M0088,Hanout 88,Marrakech,2026-03-26,Standard
M0089,Hanout 89,Agadir,2025-10-03,Standard
M0090,Hanout 90,Rabat,2026-03-22,Standard
M0091,Hanout 91,Casablanca,2026-02-19,Standard
M0092,Hanout 92,Fès,2026-01-28,Standard
M0093,Hanout 93,Fès,2026-03-07,Standard
M0094,Hanout 94,Marrakech,2025-12-07,Standard
M0095,Hanout 95,Fès,2026-02-23,Standard
M0096,Hanout 96,Rabat,2025-11-06,Standard
M0097,Hanout 97,Rabat,2026-03-02,Standard
M0098,Hanout 98,Rabat,2026-03-25,Standard
M0099,Hanout 99,Casablanca,2025-12-12,Standard
M0100,Hanout 100,Casablanca,2026-02-20,Standard
M0101,Hanout 101,Casablanca,2025-11-18,Standard
M0102,Hanout 102,Marrakech,2026-01-29,Premium
M0103,Hanout 103,Casablanca,2025-12-27,Standard
M0104,Hanout 104,Rabat,2026-02-17,Standard
M0105,Hanout 105,Tangier,2025-11-06,Standard
M0106,Hanout 106,Casablanca,2025-11-30,Standard
M0107,Hanout 107,Rabat,2026-03-20,Standard
M0108,Hanout 108,Fès,2026-02-01,Standard
M0109,Hanout 109,Casablanca,2025-11-08,Standard
M0110,Hanout 110,Casablanca,2025-12-02,Standard
M0111,Hanout 111,Casablanca,2025-11-15,Standard
M0112,Hanout 112,Casablanca,2025-12-27,Standard
M0113,Hanout 113,Tangier,2025-10-11,Standard
M0114,Hanout 114,Agadir,2025-12-01,Standard
M0115,Hanout 115,Marrakech,2025-12-16,Standard
M0116,Hanout 116,Agadir,2026-03-02,Standard
M0117,Hanout 117,Agadir,2025-11-21,Premium
M0118,Hanout 118,Casablanca,2025-10-04,Standard
M0119,Hanout 119,Agadir,2025-11-28,Standard
M0120,Hanout 120,Rabat,2025-12-11,Standard
M0121,Hanout 121,Agadir,2026-02-25,Standard
M0122,Hanout 122,Agadir,2026-01-01,Standard
M0123,Hanout 123,Casablanca,2025-12-02,Standard
M0124,Hanout 124,Casablanca,2025-11-23,Standard
M0125,Hanout 125,Casablanca,2026-01-25,Standard
M0126,Hanout 126,Rabat,2026-01-18,Standard
M0127,Hanout 127,Agadir,2025-12-13,Standard
M0128,Hanout 128,Agadir,2026-01-15,Standard
M0129,Hanout 129,Casablanca,2025-11-26,Premium
M0130,Hanout 130,Rabat,2026-03-18,Standard
M0131,Hanout 131,Rabat,2025-10-03,Standard
M0132,Hanout 132,Casablanca,2026-01-28,Premium
M0133,Hanout 133,Casablanca,2025-10-06,Standard
M0134,Hanout 134,Casablanca,2025-10-05,Standard
M0135,Hanout 135,Tangier,2025-10-05,Standard
M0136,Hanout 136,Casablanca,2025-11-23,Premium
M0137,Hanout 137,Rabat,2025-11-16,Standard
M0138,Hanout 138,Fès,2026-03-26,Standard
M0139,Hanout 139,Casablanca,2025-10-09,Standard
M0140,Hanout 140,Tangier,2026-01-07,Premium
M0141,Hanout 141,Tangier,2025-10-20,Standard
M0142,Hanout 142,Casablanca,2026-01-30,Standard
M0143,Hanout 143,Rabat,2025-11-30,Standard
M0144,Hanout 144,Casablanca,2026-01-31,Standard
M0145,Hanout 145,Casablanca,2026-03-12,Standard
M0146,Hanout 146,Casablanca,2026-03-27,Premium
M0147,Hanout 147,Marrakech,2025-12-21,Standard
M0148,Hanout 148,Rabat,2025-12-01,Standard
M0149,Hanout 149,Casablanca,2026-02-22,Standard
M0150,Hanout 150,Casablanca,2025-10-03,Premium
M0151,Hanout 151,Tangier,2026-03-09,Standard
M0152,Hanout 152,Casablanca,2025-10-13,Standard
M0153,Hanout 153,Casablanca,2026-01-28,Premium
M0154,Hanout 154,Rabat,2026-02-02,Premium
M0155,Hanout 155,Tangier,2025-12-28,Premium
M0156,Hanout 156,Casablanca,2025-12-12,Premium
M0157,Hanout 157,Marrakech,2025-12-07,Standard
M0158,Hanout 158,Fès,2026-02-19,Standard
M0159,Hanout 159,Casablanca,2026-01-09,Standard
M0160,Hanout 160,Fès,2026-01-06,Premium
M0161,Hanout 161,Casablanca,2025-10-11,Standard
M0162,Hanout 162,Marrakech,2026-01-13,Standard
M0163,Hanout 163,Marrakech,2025-12-06,Standard
M0164,Hanout 164,Rabat,2026-01-31,Standard
M0165,Hanout 165,Casablanca,2025-10-29,Standard
M0166,Hanout 166,Agadir,2026-02-14,Premium
M0167,Hanout 167,Casablanca,2026-03-02,Premium
M0168,Hanout 168,Casablanca,2025-12-15,Standard
M0169,Hanout 169,Casablanca,2026-03-19,Standard
M0170,Hanout 170,Marrakech,2025-10-09,Standard
M0171,Hanout 171,Marrakech,2025-11-09,Standard
M0172,Hanout 172,Casablanca,2025-10-25,Premium
M0173,Hanout 173,Rabat,2025-10-05,Standard
M0174,Hanout 174,Casablanca,2026-02-16,Standard
M0175,Hanout 175,Marrakech,2026-02-01,Premium
M0176,Hanout 176,Casablanca,2025-11-07,Standard
M0177,Hanout 177,Marrakech,2025-12-11,Standard
M0178,Hanout 178,Casablanca,2026-02-10,Standard
M0179,Hanout 179,Tangier,2026-03-25,Standard
M0180,Hanout 180,Casablanca,2025-12-29,Standard
M0181,Hanout 181,Casablanca,2026-02-23,Standard
M0182,Hanout 182,Casablanca,2025-11-06,Standard
M0183,Hanout 183,Tangier,2025-11-29,Premium
M0184,Hanout 184,Agadir,2026-03-25,Standard
M0185,Hanout 185,Casablanca,2025-10-28,Standard
M0186,Hanout 186,Marrakech,2025-12-20,Standard
M0187,Hanout 187,Agadir,2026-01-22,Standard
M0188,Hanout 188,Marrakech,2025-11-09,Standard
M0189,Hanout 189,Rabat,2025-11-14,Standard
M0190,Hanout 190,Casablanca,2025-12-01,Standard
M0191,Hanout 191,Casablanca,2026-01-01,Premium
M0192,Hanout 192,Agadir,2026-01-23,Standard
M0193,Hanout 193,Tangier,2025-12-06,Standard
M0194,Hanout 194,Marrakech,2025-11-25,Premium
M0195,Hanout 195,Casablanca,2025-11-09,Standard
M0196,Hanout 196,Casablanca,2026-01-06,Standard
M0197,Hanout 197,Fès,2025-11-09,Standard
M0198,Hanout 198,Agadir,2025-12-30,Standard
M0199,Hanout 199,Agadir,2025-11-02,Standard
M0200,Hanout 200,Fès,2025-10-06,Standard
M0201,Hanout 201,Marrakech,2026-02-24,Standard
M0202,Hanout 202,Casablanca,2025-12-19,Standard
M0203,Hanout 203,Casablanca,2026-03-17,Standard
M0204,Hanout 204,Agadir,2025-12-31,Standard
M0205,Hanout 205,Marrakech,2026-01-05,Standard
M0206,Hanout 206,Casablanca,2025-11-28,Standard
M0207,Hanout 207,Casablanca,2025-11-28,Standard
M0208,Hanout 208,Marrakech,2025-11-17,Premium
M0209,Hanout 209,Casablanca,2026-03-18,Standard
M0210,Hanout 210,Casablanca,2025-10-13,Standard
M0211,Hanout 211,Rabat,2026-01-15,Standard
M0212,Hanout 212,Marrakech,2025-11-14,Standard
M0213,Hanout 213,Marrakech,2025-12-28,Premium
M0214,Hanout 214,Casablanca,2026-03-19,Premium
M0215,Hanout 215,Fès,2026-01-08,Standard
M0216,Hanout 216,Casablanca,2026-03-04,Standard
M0217,Hanout 217,Casablanca,2026-03-15,Standard
M0218,Hanout 218,Fès,2025-10-07,Premium
M0219,Hanout 219,Marrakech,2026-02-10,Standard
M0220,Hanout 220,Agadir,2025-11-14,Standard
M0221,Hanout 221,Marrakech,2025-11-27,Standard
M0222,Hanout 222,Marrakech,2025-10-31,Standard
M0223,Hanout 223,Casablanca,2025-10-23,Standard
M0224,Hanout 224,Casablanca,2026-03-19,Standard
M0225,Hanout 225,Casablanca,2026-02-15,Standard
M0226,Hanout 226,Casablanca,2026-03-09,Standard
M0227,Hanout 227,Tangier,2026-01-15,Standard
M0228,Hanout 228,Casablanca,2026-03-07,Standard
M0229,Hanout 229,Agadir,2025-11-08,Standard
M0230,Hanout 230,Marrakech,2026-03-08,Standard
M0231,Hanout 231,Fès,2025-12-21,Standard
M0232,Hanout 232,Rabat,2026-01-08,Standard
M0233,Hanout 233,Marrakech,2025-10-02,Standard
M0234,Hanout 234,Rabat,2025-12-16,Standard
M0235,Hanout 235,Casablanca,2025-10-12,Standard
M0236,Hanout 236,Fès,2025-11-08,Standard
M0237,Hanout 237,Casablanca,2025-10-13,Premium
M0238,Hanout 238,Casablanca,2025-11-15,Standard
M0239,Hanout 239,Marrakech,2026-03-04,Premium
M0240,Hanout 240,Casablanca,2026-01-21,Standard
M0241,Hanout 241,Tangier,2025-10-17,Standard
M0242,Hanout 242,Tangier,2026-01-12,Standard
M0243,Hanout 243,Tangier,2026-01-06,Standard
M0244,Hanout 244,Casablanca,2025-12-27,Standard
M0245,Hanout 245,Casablanca,2026-01-17,Standard
M0246,Hanout 246,Tangier,2026-03-12,Standard
M0247,Hanout 247,Rabat,2025-12-09,Standard
M0248,Hanout 248,Tangier,2026-03-07,Standard
M0249,Hanout 249,Tangier,2025-12-13,Standard
M0250,Hanout 250,Agadir,2025-12-02,Standard
M0251,Hanout 251,Casablanca,2026-03-05,Standard
M0252,Hanout 252,Casablanca,2025-11-29,Standard
M0253,Hanout 253,Agadir,2025-12-18,Standard
M0254,Hanout 254,Casablanca,2025-11-06,Standard
M0255,Hanout 255,Casablanca,2025-10-22,Standard
M0256,Hanout 256,Marrakech,2026-02-25,Premium
M0257,Hanout 257,Tangier,2026-01-04,Premium
M0258,Hanout 258,Marrakech,2025-12-07,Standard
M0259,Hanout 259,Marrakech,2025-10-17,Standard
M0260,Hanout 260,Casablanca,2025-10-12,Standard
M0261,Hanout 261,Marrakech,2026-02-27,Standard
M0262,Hanout 262,Tangier,2026-02-22,Standard
M0263,Hanout 263,Casablanca,2026-02-15,Standard
M0264,Hanout 264,Rabat,2026-01-26,Premium
M0265,Hanout 265,Agadir,2025-10-22,Standard
M0266,Hanout 266,Fès,2026-01-28,Standard
M0267,Hanout 267,Marrakech,2025-11-19,Standard
M0268,Hanout 268,Fès,2025-10-14,Standard
M0269,Hanout 269,Casablanca,2026-03-24,Standard
M0270,Hanout 270,Casablanca,2025-10-29,Standard
M0271,Hanout 271,Agadir,2026-03-13,Standard
M0272,Hanout 272,Agadir,2026-03-29,Standard
M0273,Hanout 273,Agadir,2026-02-02,Premium
M0274,Hanout 274,Tangier,2025-10-07,Standard
M0275,Hanout 275,Rabat,2025-10-29,Standard
M0276,Hanout 276,Rabat,2026-02-16,Standard
M0277,Hanout 277,Fès,2025-11-02,Premium
M0278,Hanout 278,Marrakech,2026-02-11,Standard
M0279,Hanout 279,Fès,2026-01-19,Standard
M0280,Hanout 280,Fès,2025-12-18,Premium
M0281,Hanout 281,Agadir,2026-03-09,Premium
M0282,Hanout 282,Casablanca,2026-03-28,Standard
M0283,Hanout 283,Casablanca,2025-11-27,Premium
M0284,Hanout 284,Casablanca,2025-10-26,Standard
M0285,Hanout 285,Marrakech,2026-03-23,Standard
M0286,Hanout 286,Casablanca,2025-10-29,Standard
M0287,Hanout 287,Rabat,2025-10-04,Standard
M0288,Hanout 288,Rabat,2026-01-07,Standard
M0289,Hanout 289,Casablanca,2026-02-18,Standard
M0290,Hanout 290,Marrakech,2025-11-08,Standard
M0291,Hanout 291,Casablanca,2025-10-15,Standard
M0292,Hanout 292,Casablanca,2026-01-27,Standard
M0293,Hanout 293,Agadir,2025-10-29,Standard
M0294,Hanout 294,Casablanca,2026-03-06,Standard
M0295,Hanout 295,Casablanca,2025-12-14,Standard
M0296,Hanout 296,Rabat,2026-01-24,Standard
M0297,Hanout 297,Fès,2025-11-01,Standard
M0298,Hanout 298,Casablanca,2026-02-07,Premium
M0299,Hanout 299,Marrakech,2026-03-24,Standard
M0300,Hanout 300,Casablanca,2025-12-23,Standard
M0301,Hanout 301,Casablanca,2025-10-22,Standard
M0302,Hanout 302,Rabat,2025-10-27,Standard
M0303,Hanout 303,Rabat,2025-12-20,Standard
M0304,Hanout 304,Marrakech,2026-02-03,Premium
M0305,Hanout 305,Fès,2025-12-31,Standard
M0306,Hanout 306,Tangier,2025-10-21,Standard
M0307,Hanout 307,Rabat,2025-11-16,Standard
M0308,Hanout 308,Casablanca,2026-01-09,Standard
M0309,Hanout 309,Fès,2025-12-23,Standard
M0310,Hanout 310,Casablanca,2025-10-06,Standard
M0311,Hanout 311,Rabat,2026-02-24,Standard
M0312,Hanout 312,Casablanca,2026-02-08,Standard
M0313,Hanout 313,Casablanca,2025-10-01,Standard
M0314,Hanout 314,Tangier,2025-11-27,Premium
M0315,Hanout 315,Agadir,2026-02-01,Standard
M0316,Hanout 316,Marrakech,2026-03-15,Standard
M0317,Hanout 317,Rabat,2025-10-15,Standard
M0318,Hanout 318,Casablanca,2026-03-11,Standard
M0319,Hanout 319,Casablanca,2026-03-12,Premium
M0320,Hanout 320,Casablanca,2025-12-03,Standard
M0321,Hanout 321,Rabat,2025-10-25,Standard
M0322,Hanout 322,Fès,2025-10-24,Premium
M0323,Hanout 323,Marrakech,2025-10-12,Standard
M0324,Hanout 324,Casablanca,2025-10-18,Premium
M0325,Hanout 325,Tangier,2025-10-15,Standard
M0326,Hanout 326,Fès,2025-10-27,Standard
M0327,Hanout 327,Marrakech,2025-12-11,Standard
M0328,Hanout 328,Marrakech,2025-11-29,Standard
M0329,Hanout 329,Rabat,2026-03-23,Premium
M0330,Hanout 330,Casablanca,2026-02-22,Standard
M0331,Hanout 331,Casablanca,2026-01-01,Standard
M0332,Hanout 332,Fès,2025-11-22,Standard
M0333,Hanout 333,Casablanca,2025-10-08,Standard
M0334,Hanout 334,Casablanca,2025-12-18,Standard
M0335,Hanout 335,Casablanca,2025-10-27,Premium
M0336,Hanout 336,Casablanca,2026-03-23,Standard
M0337,Hanout 337,Agadir,2025-11-19,Standard
M0338,Hanout 338,Fès,2026-02-08,Standard
M0339,Hanout 339,Rabat,2026-01-01,Standard
M0340,Hanout 340,Casablanca,2026-03-21,Standard
M0341,Hanout 341,Rabat,2025-10-24,Standard
M0342,Hanout 342,Rabat,2025-11-29,Premium
M0343,Hanout 343,Casablanca,2026-01-30,Standard
M0344,Hanout 344,Rabat,2026-02-08,Standard
M0345,Hanout 345,Casablanca,2026-02-25,Standard
M0346,Hanout 346,Marrakech,2025-11-15,Premium
M0347,Hanout 347,Marrakech,2025-10-15,Standard
M0348,Hanout 348,Casablanca,2026-03-02,Standard
M0349,Hanout 349,Casablanca,2025-10-17,Standard
M0350,Hanout 350,Marrakech,2026-02-03,Standard
M0351,Hanout 351,Rabat,2025-12-23,Standard
M0352,Hanout 352,Agadir,2025-10-09,Standard
M0353,Hanout 353,Marrakech,2026-03-15,Standard
M0354,Hanout 354,Casablanca,2026-03-25,Standard
M0355,Hanout 355,Casablanca,2025-12-02,Premium
M0356,Hanout 356,Marrakech,2026-01-25,Premium
M0357,Hanout 357,Casablanca,2026-02-07,Standard
M0358,Hanout 358,Marrakech,2025-12-27,Standard
M0359,Hanout 359,Tangier,2025-12-11,Standard
M0360,Hanout 360,Marrakech,2026-02-16,Standard
M0361,Hanout 361,Casablanca,2025-12-03,Standard
M0362,Hanout 362,Marrakech,2025-12-11,Standard
M0363,Hanout 363,Rabat,2025-10-21,Standard
M0364,Hanout 364,Rabat,2025-10-18,Premium
M0365,Hanout 365,Tangier,2025-12-03,Standard
M0366,Hanout 366,Casablanca,2025-12-21,Standard
M0367,Hanout 367,Tangier,2026-01-18,Standard
M0368,Hanout 368,Tangier,2026-01-03,Standard
M0369,Hanout 369,Casablanca,2026-03-15,Standard
M0370,Hanout 370,Casablanca,2025-11-01,Standard
M0371,Hanout 371,Casablanca,2025-10-11,Standard
M0372,Hanout 372,Casablanca,2025-11-14,Standard
M0373,Hanout 373,Casablanca,2025-11-02,Standard
M0374,Hanout 374,Marrakech,2026-01-10,Standard
M0375,Hanout 375,Casablanca,2026-03-18,Premium
M0376,Hanout 376,Casablanca,2026-02-13,Premium
M0377,Hanout 377,Agadir,2025-10-11,Premium
M0378,Hanout 378,Casablanca,2026-03-28,Standard
M0379,Hanout 379,Agadir,2025-12-27,Standard
M0380,Hanout 380,Casablanca,2025-11-10,Premium
M0381,Hanout 381,Casablanca,2026-02-22,Standard
M0382,Hanout 382,Marrakech,2025-12-15,Standard
M0383,Hanout 383,Marrakech,2026-01-29,Standard
M0384,Hanout 384,Agadir,2025-11-15,Standard
M0385,Hanout 385,Fès,2026-03-09,Premium
M0386,Hanout 386,Agadir,2025-12-19,Standard
M0387,Hanout 387,Casablanca,2025-11-23,Standard
M0388,Hanout 388,Casablanca,2025-12-25,Standard
M0389,Hanout 389,Fès,2025-12-31,Standard
M0390,Hanout 390,Agadir,2026-02-25,Premium
M0391,Hanout 391,Tangier,2026-03-10,Standard
M0392,Hanout 392,Rabat,2026-03-17,Standard
M0393,Hanout 393,Casablanca,2026-03-09,Premium
M0394,Hanout 394,Fès,2026-01-05,Standard
M0395,Hanout 395,Casablanca,2025-10-02,Standard
M0396,Hanout 396,Tangier,2025-11-02,Standard
M0397,Hanout 397,Agadir,2026-03-07,Standard
M0398,Hanout 398,Rabat,2026-03-10,Standard
M0399,Hanout 399,Fès,2025-12-16,Standard
M0400,Hanout 400,Fès,2026-01-24,Standard
M0401,Hanout 401,Casablanca,2026-03-03,Standard
M0402,Hanout 402,Tangier,2026-02-27,Premium
M0403,Hanout 403,Rabat,2026-01-11,Standard
M0404,Hanout 404,Agadir,2026-03-15,Standard
M0405,Hanout 405,Casablanca,2026-01-11,Standard
M0406,Hanout 406,Agadir,2025-12-29,Standard
M0407,Hanout 407,Casablanca,2026-03-23,Standard
M0408,Hanout 408,Casablanca,2026-01-30,Premium
M0409,Hanout 409,Tangier,2026-02-20,Premium
M0410,Hanout 410,Casablanca,2026-01-14,Standard
M0411,Hanout 411,Casablanca,2026-01-27,Premium
M0412,Hanout 412,Tangier,2026-03-21,Standard
M0413,Hanout 413,Tangier,2025-11-18,Standard
M0414,Hanout 414,Marrakech,2026-01-12,Standard
M0415,Hanout 415,Marrakech,2025-11-30,Premium
M0416,Hanout 416,Rabat,2026-01-31,Standard
M0417,Hanout 417,Casablanca,2026-02-11,Standard
M0418,Hanout 418,Casablanca,2025-10-09,Standard
M0419,Hanout 419,Marrakech,2025-10-06,Standard
M0420,Hanout 420,Fès,2025-12-12,Standard
M0421,Hanout 421,Fès,2026-01-11,Premium
M0422,Hanout 422,Fès,2026-03-09,Premium
M0423,Hanout 423,Casablanca,2025-11-10,Standard
M0424,Hanout 424,Rabat,2026-01-22,Premium
M0425,Hanout 425,Casablanca,2025-10-08,Standard
M0426,Hanout 426,Rabat,2025-12-11,Premium
M0427,Hanout 427,Rabat,2026-03-27,Standard
M0428,Hanout 428,Agadir,2025-12-31,Standard
M0429,Hanout 429,Casablanca,2025-12-01,Standard
M0430,Hanout 430,Casablanca,2025-12-23,Premium
M0431,Hanout 431,Casablanca,2025-12-01,Standard
M0432,Hanout 432,Fès,2026-01-19,Standard
M0433,Hanout 433,Marrakech,2026-02-04,Standard
M0434,Hanout 434,Casablanca,2025-10-07,Standard
M0435,Hanout 435,Casablanca,2025-12-23,Standard
M0436,Hanout 436,Fès,2026-02-09,Standard
M0437,Hanout 437,Casablanca,2026-02-11,Premium
M0438,Hanout 438,Agadir,2025-11-27,Standard
M0439,Hanout 439,Fès,2025-10-22,Standard
M0440,Hanout 440,Casablanca,2026-03-03,Standard
M0441,Hanout 441,Casablanca,2026-02-04,Premium
M0442,Hanout 442,Tangier,2025-10-03,Premium
M0443,Hanout 443,Casablanca,2026-02-04,Standard
M0444,Hanout 444,Casablanca,2025-11-10,Standard
M0445,Hanout 445,Agadir,2026-01-14,Standard
M0446,Hanout 446,Tangier,2025-10-14,Standard
M0447,Hanout 447,Tangier,2025-10-12,Premium
M0448,Hanout 448,Fès,2025-12-26,Standard
M0449,Hanout 449,Casablanca,2025-10-12,Standard
M0450,Hanout 450,Casablanca,2026-02-18,Standard
M0451,Hanout 451,Fès,2025-10-25,Premium
M0452,Hanout 452,Marrakech,2025-11-14,Standard
M0453,Hanout 453,Rabat,2026-01-30,Standard
M0454,Hanout 454,Tangier,2026-02-24,Standard
M0455,Hanout 455,Casablanca,2025-11-24,Premium
M0456,Hanout 456,Rabat,2026-01-08,Standard
M0457,Hanout 457,Casablanca,2026-03-22,Standard
M0458,Hanout 458,Rabat,2026-02-13,Standard
M0459,Hanout 459,Casablanca,2026-01-27,Standard
M0460,Hanout 460,Casablanca,2025-11-22,Standard
M0461,Hanout 461,Casablanca,2025-11-01,Standard
M0462,Hanout 462,Marrakech,2025-11-20,Standard
M0463,Hanout 463,Fès,2025-11-13,Standard
M0464,Hanout 464,Marrakech,2025-12-21,Standard
M0465,Hanout 465,Tangier,2026-02-23,Premium
M0466,Hanout 466,Casablanca,2026-02-27,Standard
M0467,Hanout 467,Casablanca,2025-11-06,Premium
M0468,Hanout 468,Agadir,2026-01-04,Standard
M0469,Hanout 469,Casablanca,2025-11-25,Standard
M0470,Hanout 470,Tangier,2026-01-13,Standard
M0471,Hanout 471,Casablanca,2025-11-28,Standard
M0472,Hanout 472,Tangier,2026-02-08,Standard
M0473,Hanout 473,Casablanca,2026-03-05,Standard
M0474,Hanout 474,Agadir,2025-11-04,Standard
M0475,Hanout 475,Rabat,2026-01-01,Premium
M0476,Hanout 476,Tangier,2026-01-05,Standard
M0477,Hanout 477,Casablanca,2026-02-12,Premium
M0478,Hanout 478,Marrakech,2025-12-15,Standard
M0479,Hanout 479,Tangier,2025-11-18,Standard
M0480,Hanout 480,Rabat,2026-01-02,Standard
M0481,Hanout 481,Marrakech,2026-03-08,Standard
M0482,Hanout 482,Marrakech,2025-10-24,Standard
M0483,Hanout 483,Rabat,2026-02-25,Standard
M0484,Hanout 484,Marrakech,2025-11-06,Standard
M0485,Hanout 485,Marrakech,2025-10-04,Standard
M0486,Hanout 486,Tangier,2026-01-16,Standard
M0487,Hanout 487,Casablanca,2026-02-03,Premium
M0488,Hanout 488,Casablanca,2025-10-20,Premium
M0489,Hanout 489,Tangier,2026-03-01,Standard
M0490,Hanout 490,Agadir,2025-11-19,Standard
M0491,Hanout 491,Rabat,2026-03-26,Standard
M0492,Hanout 492,Marrakech,2026-03-28,Standard
M0493,Hanout 493,Casablanca,2026-01-04,Premium
M0494,Hanout 494,Casablanca,2026-01-13,Standard
M0495,Hanout 495,Rabat,2026-03-13,Standard
M0496,Hanout 496,Casablanca,2026-01-25,Standard
M0497,Hanout 497,Marrakech,2026-01-06,Standard
M0498,Hanout 498,Casablanca,2025-12-05,Standard
M0499,Hanout 499,Tangier,2025-12-18,Premium
M0500,Hanout 500,Tangier,2026-03-11,Standard
M0501,Hanout 501,Marrakech,2026-03-13,Standard
M0502,Hanout 502,Rabat,2025-10-06,Premium
M0503,Hanout 503,Casablanca,2025-11-08,Standard
M0504,Hanout 504,Agadir,2026-03-19,Standard
M0505,Hanout 505,Marrakech,2026-01-23,Standard
M0506,Hanout 506,Casablanca,2026-02-02,Standard
M0507,Hanout 507,Tangier,2025-10-12,Premium
M0508,Hanout 508,Agadir,2026-02-08,Standard
M0509,Hanout 509,Tangier,2025-10-18,Premium
M0510,Hanout 510,Fès,2025-11-09,Standard
M0511,Hanout 511,Marrakech,2025-10-21,Premium
M0512,Hanout 512,Rabat,2026-02-20,Standard
M0513,Hanout 513,Tangier,2026-01-07,Premium
M0514,Hanout 514,Agadir,2025-10-26,Standard
M0515,Hanout 515,Casablanca,2025-10-08,Premium
M0516,Hanout 516,Casablanca,2026-01-08,Standard
M0517,Hanout 517,Casablanca,2025-12-26,Standard
M0518,Hanout 518,Agadir,2025-11-11,Premium
M0519,Hanout 519,Tangier,2026-03-21,Standard
M0520,Hanout 520,Casablanca,2025-10-14,Premium
M0521,Hanout 521,Marrakech,2025-12-17,Standard
M0522,Hanout 522,Casablanca,2025-10-02,Standard
M0523,Hanout 523,Tangier,2026-01-27,Standard
M0524,Hanout 524,Agadir,2025-11-06,Standard
M0525,Hanout 525,Agadir,2025-12-08,Standard
M0526,Hanout 526,Rabat,2026-03-15,Standard
M0527,Hanout 527,Rabat,2025-11-10,Standard
M0528,Hanout 528,Casablanca,2025-12-01,Standard
M0529,Hanout 529,Casablanca,2025-11-29,Standard
M0530,Hanout 530,Agadir,2026-02-02,Standard
M0531,Hanout 531,Agadir,2026-01-19,Standard
M0532,Hanout 532,Tangier,2025-10-14,Standard
M0533,Hanout 533,Tangier,2025-12-23,Standard
M0534,Hanout 534,Marrakech,2026-02-07,Premium
M0535,Hanout 535,Fès,2025-12-09,Premium
M0536,Hanout 536,Tangier,2026-02-22,Standard
M0537,Hanout 537,Agadir,2026-01-31,Standard
M0538,Hanout 538,Casablanca,2025-12-28,Premium
M0539,Hanout 539,Rabat,2025-10-28,Standard
M0540,Hanout 540,Casablanca,2025-12-05,Standard
M0541,Hanout 541,Tangier,2026-03-12,Standard
M0542,Hanout 542,Marrakech,2025-10-05,Standard
M0543,Hanout 543,Casablanca,2026-03-17,Standard
M0544,Hanout 544,Marrakech,2026-03-13,Standard
M0545,Hanout 545,Marrakech,2025-11-14,Premium
M0546,Hanout 546,Casablanca,2026-02-28,Premium
M0547,Hanout 547,Casablanca,2025-11-16,Standard
M0548,Hanout 548,Marrakech,2025-10-31,Standard
M0549,Hanout 549,Rabat,2026-02-16,Premium
M0550,Hanout 550,Fès,2025-10-10,Standard
M0551,Hanout 551,Rabat,2026-01-26,Standard
M0552,Hanout 552,Agadir,2025-10-14,Standard
M0553,Hanout 553,Marrakech,2025-12-19,Premium
M0554,Hanout 554,Marrakech,2026-01-01,Standard
M0555,Hanout 555,Agadir,2025-10-10,Premium
M0556,Hanout 556,Rabat,2025-12-15,Premium
M0557,Hanout 557,Casablanca,2026-01-02,Standard
M0558,Hanout 558,Casablanca,2026-01-13,Standard
M0559,Hanout 559,Fès,2025-10-01,Standard
M0560,Hanout 560,Marrakech,2026-02-10,Standard
M0561,Hanout 561,Fès,2025-10-20,Standard
M0562,Hanout 562,Casablanca,2025-10-08,Standard
M0563,Hanout 563,Casablanca,2026-03-20,Standard
M0564,Hanout 564,Casablanca,2025-10-01,Premium
M0565,Hanout 565,Casablanca,2025-11-26,Standard
M0566,Hanout 566,Marrakech,2025-12-03,Standard
M0567,Hanout 567,Casablanca,2026-01-26,Standard
M0568,Hanout 568,Rabat,2025-10-28,Standard
M0569,Hanout 569,Tangier,2026-01-29,Standard
M0570,Hanout 570,Casablanca,2026-01-15,Standard
M0571,Hanout 571,Rabat,2026-03-14,Standard
M0572,Hanout 572,Fès,2026-03-24,Standard
M0573,Hanout 573,Casablanca,2026-03-14,Standard
M0574,Hanout 574,Marrakech,2025-11-18,Standard
M0575,Hanout 575,Agadir,2026-01-28,Standard
M0576,Hanout 576,Tangier,2025-11-13,Premium
M0577,Hanout 577,Casablanca,2025-11-25,Standard
M0578,Hanout 578,Tangier,2026-03-05,Standard
M0579,Hanout 579,Rabat,2026-01-19,Standard
M0580,Hanout 580,Casablanca,2026-02-11,Standard
M0581,Hanout 581,Rabat,2026-01-16,Standard
M0582,Hanout 582,Tangier,2026-02-25,Standard
M0583,Hanout 583,Rabat,2026-01-22,Standard
M0584,Hanout 584,Casablanca,2025-12-17,Standard
M0585,Hanout 585,Marrakech,2026-02-07,Standard
M0586,Hanout 586,Casablanca,2025-11-06,Standard
M0587,Hanout 587,Casablanca,2025-10-20,Standard
M0588,Hanout 588,Casablanca,2025-10-26,Premium
M0589,Hanout 589,Casablanca,2025-10-29,Standard
M0590,Hanout 590,Casablanca,2025-10-01,Standard
M0591,Hanout 591,Casablanca,2026-01-27,Standard
M0592,Hanout 592,Marrakech,2025-11-04,Standard
M0593,Hanout 593,Casablanca,2025-11-28,Standard
M0594,Hanout 594,Casablanca,2025-12-08,Standard
M0595,Hanout 595,Agadir,2026-03-10,Standard
M0596,Hanout 596,Rabat,2026-03-28,Standard
M0597,Hanout 597,Marrakech,2025-10-12,Standard
M0598,Hanout 598,Casablanca,2025-10-20,Standard
M0599,Hanout 599,Casablanca,2025-11-12,Standard
M0600,Hanout 600,Casablanca,2026-02-03,Standard
M0601,Hanout 601,Casablanca,2025-11-19,Standard
M0602,Hanout 602,Casablanca,2025-10-29,Premium
M0603,Hanout 603,Casablanca,2025-11-08,Standard
M0604,Hanout 604,Casablanca,2026-03-20,Standard
M0605,Hanout 605,Casablanca,2026-03-27,Standard
M0606,Hanout 606,Rabat,2026-02-28,Premium
M0607,Hanout 607,Casablanca,2026-03-21,Standard
M0608,Hanout 608,Casablanca,2025-11-07,Standard
M0609,Hanout 609,Rabat,2025-12-23,Standard
M0610,Hanout 610,Marrakech,2026-02-28,Standard
M0611,Hanout 611,Casablanca,2026-02-05,Standard
M0612,Hanout 612,Fès,2026-02-03,Standard
M0613,Hanout 613,Marrakech,2025-11-14,Premium
M0614,Hanout 614,Casablanca,2025-11-21,Standard
M0615,Hanout 615,Agadir,2025-12-19,Standard
M0616,Hanout 616,Tangier,2026-03-27,Premium
M0617,Hanout 617,Casablanca,2026-02-01,Standard
M0618,Hanout 618,Casablanca,2026-01-27,Standard
M0619,Hanout 619,Agadir,2025-10-08,Standard
M0620,Hanout 620,Fès,2025-12-24,Standard
M0621,Hanout 621,Casablanca,2026-02-06,Standard
M0622,Hanout 622,Casablanca,2025-10-08,Premium
M0623,Hanout 623,Casablanca,2026-03-06,Standard
M0624,Hanout 624,Rabat,2026-01-04,Standard
M0625,Hanout 625,Marrakech,2026-01-10,Standard
M0626,Hanout 626,Casablanca,2025-10-05,Premium
M0627,Hanout 627,Rabat,2025-12-25,Premium
M0628,Hanout 628,Fès,2026-03-24,Premium
M0629,Hanout 629,Casablanca,2025-11-03,Standard
M0630,Hanout 630,Casablanca,2025-11-24,Standard
M0631,Hanout 631,Fès,2026-01-27,Standard
M0632,Hanout 632,Agadir,2026-03-20,Standard
M0633,Hanout 633,Rabat,2026-03-07,Standard
M0634,Hanout 634,Rabat,2026-01-22,Standard
M0635,Hanout 635,Casablanca,2026-02-22,Standard
M0636,Hanout 636,Rabat,2025-10-26,Standard
M0637,Hanout 637,Rabat,2026-02-13,Standard
M0638,Hanout 638,Casablanca,2025-11-16,Standard
M0639,Hanout 639,Casablanca,2026-01-21,Standard
M0640,Hanout 640,Casablanca,2025-12-15,Standard
M0641,Hanout 641,Casablanca,2025-12-11,Standard
M0642,Hanout 642,Casablanca,2025-12-28,Standard
M0643,Hanout 643,Casablanca,2025-11-15,Standard
M0644,Hanout 644,Casablanca,2025-11-02,Standard
M0645,Hanout 645,Casablanca,2025-10-01,Standard
M0646,Hanout 646,Agadir,2026-02-24,Premium
M0647,Hanout 647,Marrakech,2025-10-31,Standard
M0648,Hanout 648,Marrakech,2026-02-19,Standard
M0649,Hanout 649,Fès,2025-11-22,Standard
M0650,Hanout 650,Rabat,2025-11-17,Standard
M0651,Hanout 651,Casablanca,2025-12-08,Standard
M0652,Hanout 652,Rabat,2026-01-13,Standard
M0653,Hanout 653,Marrakech,2025-12-29,Premium
M0654,Hanout 654,Fès,2025-12-02,Standard
M0655,Hanout 655,Rabat,2025-12-12,Premium
M0656,Hanout 656,Casablanca,2026-03-10,Standard
M0657,Hanout 657,Casablanca,2026-03-18,Standard
M0658,Hanout 658,Casablanca,2025-12-28,Premium
M0659,Hanout 659,Marrakech,2026-03-25,Standard
M0660,Hanout 660,Marrakech,2025-10-13,Standard
M0661,Hanout 661,Casablanca,2025-12-12,Standard
M0662,Hanout 662,Tangier,2025-12-16,Standard
M0663,Hanout 663,Marrakech,2026-03-08,Standard
M0664,Hanout 664,Casablanca,2025-12-07,Standard
M0665,Hanout 665,Casablanca,2026-01-06,Standard
M0666,Hanout 666,Casablanca,2026-02-02,Standard
M0667,Hanout 667,Casablanca,2026-01-10,Standard
M0668,Hanout 668,Casablanca,2026-02-09,Standard
M0669,Hanout 669,Casablanca,2026-01-10,Standard
M0670,Hanout 670,Casablanca,2025-10-19,Standard
M0671,Hanout 671,Casablanca,2025-12-21,Standard
M0672,Hanout 672,Agadir,2026-02-18,Standard
M0673,Hanout 673,Casablanca,2025-10-23,Premium
M0674,Hanout 674,Rabat,2025-12-22,Standard
M0675,Hanout 675,Rabat,2026-01-17,Standard
M0676,Hanout 676,Tangier,2025-12-14,Standard
M0677,Hanout 677,Casablanca,2026-02-06,Standard
M0678,Hanout 678,Casablanca,2025-12-27,Standard
M0679,Hanout 679,Tangier,2025-11-23,Standard
M0680,Hanout 680,Agadir,2025-12-28,Standard
M0681,Hanout 681,Agadir,2026-02-20,Standard
M0682,Hanout 682,Casablanca,2025-12-04,Premium
M0683,Hanout 683,Casablanca,2025-12-15,Premium
M0684,Hanout 684,Marrakech,2026-02-20,Premium
M0685,Hanout 685,Tangier,2026-02-26,Standard
M0686,Hanout 686,Marrakech,2026-02-24,Standard
M0687,Hanout 687,Marrakech,2025-11-29,Standard
M0688,Hanout 688,Casablanca,2026-01-01,Standard
M0689,Hanout 689,Fès,2026-03-10,Standard
M0690,Hanout 690,Casablanca,2025-11-18,Standard
M0691,Hanout 691,Casablanca,2025-11-04,Standard
M0692,Hanout 692,Rabat,2026-03-21,Standard
M0693,Hanout 693,Rabat,2026-01-10,Standard
M0694,Hanout 694,Casablanca,2025-10-11,Standard
M0695,Hanout 695,Casablanca,2026-01-07,Standard
M0696,Hanout 696,Marrakech,2026-01-18,Premium
M0697,Hanout 697,Casablanca,2025-12-13,Standard
M0698,Hanout 698,Marrakech,2026-03-23,Standard
M0699,Hanout 699,Casablanca,2025-10-09,Standard
M0700,Hanout 700,Rabat,2025-10-03,Standard
M0701,Hanout 701,Rabat,2025-12-24,Standard
M0702,Hanout 702,Casablanca,2025-10-26,Standard
M0703,Hanout 703,Casablanca,2025-12-11,Standard
M0704,Hanout 704,Casablanca,2025-11-17,Standard
M0705,Hanout 705,Casablanca,2026-03-05,Standard
M0706,Hanout 706,Tangier,2026-01-25,Standard
M0707,Hanout 707,Casablanca,2026-03-03,Standard
M0708,Hanout 708,Agadir,2026-03-02,Standard
M0709,Hanout 709,Casablanca,2025-10-12,Standard
M0710,Hanout 710,Marrakech,2026-02-10,Premium
M0711,Hanout 711,Fès,2025-11-17,Standard
M0712,Hanout 712,Marrakech,2025-11-06,Standard
M0713,Hanout 713,Rabat,2025-11-13,Standard
M0714,Hanout 714,Rabat,2025-10-15,Standard
M0715,Hanout 715,Casablanca,2025-11-12,Standard
M0716,Hanout 716,Tangier,2026-03-25,Standard
M0717,Hanout 717,Agadir,2025-12-26,Premium
M0718,Hanout 718,Tangier,2025-12-09,Standard
M0719,Hanout 719,Casablanca,2025-11-15,Standard
M0720,Hanout 720,Fès,2026-01-16,Standard
M0721,Hanout 721,Tangier,2026-01-31,Standard
M0722,Hanout 722,Casablanca,2026-03-20,Standard
M0723,Hanout 723,Casablanca,2025-10-21,Standard
M0724,Hanout 724,Fès,2026-02-28,Standard
M0725,Hanout 725,Marrakech,2026-01-15,Standard
M0726,Hanout 726,Agadir,2025-12-19,Standard
M0727,Hanout 727,Casablanca,2025-11-16,Premium
M0728,Hanout 728,Fès,2026-01-25,Standard
M0729,Hanout 729,Casablanca,2026-02-01,Premium
M0730,Hanout 730,Casablanca,2026-02-20,Standard
M0731,Hanout 731,Casablanca,2025-10-25,Premium
M0732,Hanout 732,Agadir,2025-11-05,Standard
M0733,Hanout 733,Marrakech,2025-11-20,Premium
M0734,Hanout 734,Rabat,2025-10-15,Premium
M0735,Hanout 735,Casablanca,2025-12-07,Standard
M0736,Hanout 736,Agadir,2025-10-21,Premium
M0737,Hanout 737,Casablanca,2026-02-18,Standard
M0738,Hanout 738,Agadir,2025-10-19,Standard
M0739,Hanout 739,Rabat,2025-11-03,Standard
M0740,Hanout 740,Casablanca,2025-12-17,Standard
M0741,Hanout 741,Rabat,2026-02-02,Standard
M0742,Hanout 742,Casablanca,2026-01-25,Standard
M0743,Hanout 743,Fès,2025-11-21,Standard
M0744,Hanout 744,Rabat,2025-10-27,Standard
M0745,Hanout 745,Casablanca,2026-03-06,Premium
M0746,Hanout 746,Agadir,2026-03-05,Standard
M0747,Hanout 747,Casablanca,2025-11-04,Standard
M0748,Hanout 748,Rabat,2026-02-13,Standard
M0749,Hanout 749,Tangier,2026-02-21,Standard
M0750,Hanout 750,Marrakech,2026-01-14,Standard
M0751,Hanout 751,Casablanca,2026-03-13,Standard
M0752,Hanout 752,Tangier,2026-03-07,Standard
M0753,Hanout 753,Marrakech,2026-02-23,Premium
M0754,Hanout 754,Casablanca,2025-10-02,Standard
M0755,Hanout 755,Casablanca,2026-03-26,Standard
M0756,Hanout 756,Fès,2025-12-16,Standard
M0757,Hanout 757,Marrakech,2026-02-09,Standard
M0758,Hanout 758,Rabat,2025-12-29,Standard
M0759,Hanout 759,Agadir,2025-12-28,Standard
M0760,Hanout 760,Fès,2026-01-02,Standard
M0761,Hanout 761,Casablanca,2025-10-07,Standard
M0762,Hanout 762,Casablanca,2026-01-03,Premium
M0763,Hanout 763,Casablanca,2026-01-16,Premium
M0764,Hanout 764,Fès,2025-12-13,Standard
M0765,Hanout 765,Casablanca,2025-11-08,Standard
M0766,Hanout 766,Marrakech,2026-02-18,Standard
M0767,Hanout 767,Fès,2026-03-08,Standard
M0768,Hanout 768,Agadir,2025-12-10,Standard
M0769,Hanout 769,Casablanca,2025-11-25,Standard
M0770,Hanout 770,Agadir,2026-03-19,Standard
M0771,Hanout 771,Casablanca,2025-11-11,Standard
M0772,Hanout 772,Agadir,2025-11-05,Standard
M0773,Hanout 773,Casablanca,2025-12-23,Premium
M0774,Hanout 774,Casablanca,2026-01-26,Premium
M0775,Hanout 775,Fès,2025-10-07,Standard
M0776,Hanout 776,Casablanca,2025-11-23,Standard
M0777,Hanout 777,Casablanca,2026-02-06,Premium
M0778,Hanout 778,Fès,2026-03-21,Standard
M0779,Hanout 779,Fès,2026-01-28,Standard
M0780,Hanout 780,Marrakech,2026-03-22,Standard
M0781,Hanout 781,Marrakech,2026-01-14,Standard
M0782,Hanout 782,Rabat,2025-11-16,Standard
M0783,Hanout 783,Casablanca,2026-01-31,Premium
M0784,Hanout 784,Casablanca,2026-02-18,Premium
M0785,Hanout 785,Casablanca,2026-01-27,Standard
M0786,Hanout 786,Tangier,2026-02-27,Standard
M0787,Hanout 787,Marrakech,2026-01-26,Premium
M0788,Hanout 788,Rabat,2025-10-21,Standard
M0789,Hanout 789,Rabat,2026-02-14,Premium
M0790,Hanout 790,Tangier,2025-10-26,Standard
M0791,Hanout 791,Casablanca,2025-10-09,Standard
M0792,Hanout 792,Marrakech,2025-10-15,Standard
M0793,Hanout 793,Rabat,2025-10-10,Standard
M0794,Hanout 794,Marrakech,2026-01-30,Standard
M0795,Hanout 795,Casablanca,2026-01-29,Standard
M0796,Hanout 796,Agadir,2026-02-02,Standard
M0797,Hanout 797,Tangier,2026-03-19,Standard
M0798,Hanout 798,Marrakech,2025-12-11,Standard
M0799,Hanout 799,Marrakech,2026-03-01,Premium
M0800,Hanout 800,Tangier,2025-11-18,Premium
M0801,Hanout 801,Fès,2026-03-03,Standard
M0802,Hanout 802,Casablanca,2025-12-30,Premium
M0803,Hanout 803,Marrakech,2025-11-06,Standard
M0804,Hanout 804,Marrakech,2025-12-07,Standard
M0805,Hanout 805,Rabat,2025-11-19,Premium
M0806,Hanout 806,Fès,2026-03-01,Standard
M0807,Hanout 807,Tangier,2025-10-19,Standard
M0808,Hanout 808,Tangier,2026-01-08,Premium
M0809,Hanout 809,Rabat,2025-11-29,Standard
M0810,Hanout 810,Casablanca,2026-03-16,Premium
M0811,Hanout 811,Tangier,2025-12-28,Premium
M0812,Hanout 812,Agadir,2026-02-23,Standard
M0813,Hanout 813,Casablanca,2026-02-24,Premium
M0814,Hanout 814,Tangier,2026-03-13,Standard
M0815,Hanout 815,Agadir,2025-12-08,Standard
M0816,Hanout 816,Rabat,2026-03-24,Standard
M0817,Hanout 817,Marrakech,2025-11-18,Premium
M0818,Hanout 818,Casablanca,2026-01-16,Standard
M0819,Hanout 819,Casablanca,2026-03-10,Standard
M0820,Hanout 820,Casablanca,2026-01-27,Standard
M0821,Hanout 821,Agadir,2026-02-26,Standard
M0822,Hanout 822,Casablanca,2026-02-27,Standard
M0823,Hanout 823,Casablanca,2026-03-25,Standard
M0824,Hanout 824,Casablanca,2025-11-06,Standard
M0825,Hanout 825,Rabat,2026-02-20,Standard
M0826,Hanout 826,Tangier,2026-03-12,Premium
M0827,Hanout 827,Casablanca,2026-03-09,Standard
M0828,Hanout 828,Casablanca,2025-10-11,Standard
M0829,Hanout 829,Fès,2026-02-15,Premium
M0830,Hanout 830,Rabat,2025-12-17,Standard
M0831,Hanout 831,Casablanca,2025-12-16,Premium
M0832,Hanout 832,Rabat,2026-03-02,Standard
M0833,Hanout 833,Casablanca,2025-10-02,Premium
M0834,Hanout 834,Casablanca,2025-12-03,Standard
M0835,Hanout 835,Rabat,2025-11-04,Standard
M0836,Hanout 836,Rabat,2025-10-07,Standard
M0837,Hanout 837,Tangier,2025-12-24,Premium
M0838,Hanout 838,Casablanca,2026-02-23,Standard
M0839,Hanout 839,Marrakech,2025-12-06,Standard
M0840,Hanout 840,Marrakech,2025-11-11,Standard
M0841,Hanout 841,Casablanca,2026-01-26,Standard
M0842,Hanout 842,Marrakech,2026-02-02,Standard
M0843,Hanout 843,Casablanca,2026-03-16,Standard
M0844,Hanout 844,Tangier,2026-03-18,Premium
M0845,Hanout 845,Casablanca,2025-10-24,Standard
M0846,Hanout 846,Rabat,2025-11-15,Standard
M0847,Hanout 847,Casablanca,2025-10-19,Standard
M0848,Hanout 848,Tangier,2025-12-07,Standard
M0849,Hanout 849,Rabat,2026-01-10,Standard
M0850,Hanout 850,Marrakech,2025-11-11,Standard
M0851,Hanout 851,Casablanca,2025-11-01,Standard
M0852,Hanout 852,Fès,2026-03-16,Standard
M0853,Hanout 853,Casablanca,2026-01-17,Standard
M0854,Hanout 854,Agadir,2025-11-05,Premium
M0855,Hanout 855,Casablanca,2026-01-05,Premium
M0856,Hanout 856,Casablanca,2026-03-13,Standard
M0857,Hanout 857,Casablanca,2026-02-08,Premium
M0858,Hanout 858,Rabat,2025-12-12,Standard
M0859,Hanout 859,Marrakech,2026-02-13,Standard
M0860,Hanout 860,Casablanca,2026-01-05,Standard
M0861,Hanout 861,Fès,2026-01-31,Standard
M0862,Hanout 862,Rabat,2025-12-09,Standard
M0863,Hanout 863,Rabat,2026-03-18,Standard
M0864,Hanout 864,Rabat,2025-10-13,Standard
M0865,Hanout 865,Rabat,2025-11-18,Standard
M0866,Hanout 866,Marrakech,2025-11-29,Standard
M0867,Hanout 867,Casablanca,2026-02-07,Standard
M0868,Hanout 868,Casablanca,2025-10-05,Standard
M0869,Hanout 869,Agadir,2026-03-21,Standard
M0870,Hanout 870,Tangier,2025-10-27,Premium
M0871,Hanout 871,Casablanca,2026-03-09,Premium
M0872,Hanout 872,Casablanca,2026-02-26,Standard
M0873,Hanout 873,Marrakech,2025-10-08,Premium
M0874,Hanout 874,Rabat,2025-11-19,Standard
M0875,Hanout 875,Casablanca,2025-12-06,Standard
M0876,Hanout 876,Casablanca,2025-11-13,Standard
M0877,Hanout 877,Fès,2026-02-02,Standard
M0878,Hanout 878,Marrakech,2025-11-27,Premium
M0879,Hanout 879,Casablanca,2025-10-03,Standard
M0880,Hanout 880,Casablanca,2025-12-25,Standard
M0881,Hanout 881,Casablanca,2025-12-09,Standard
M0882,Hanout 882,Marrakech,2026-02-07,Standard
M0883,Hanout 883,Casablanca,2026-03-21,Premium
M0884,Hanout 884,Casablanca,2025-10-02,Standard
M0885,Hanout 885,Fès,2026-01-10,Standard
M0886,Hanout 886,Casablanca,2025-11-04,Standard
M0887,Hanout 887,Marrakech,2026-01-06,Standard
M0888,Hanout 888,Casablanca,2025-10-30,Standard
M0889,Hanout 889,Casablanca,2026-01-24,Standard
M0890,Hanout 890,Casablanca,2025-10-08,Standard
M0891,Hanout 891,Fès,2026-02-27,Standard
M0892,Hanout 892,Agadir,2025-11-13,Premium
M0893,Hanout 893,Agadir,2025-11-05,Premium
M0894,Hanout 894,Casablanca,2025-12-16,Standard
M0895,Hanout 895,Marrakech,2025-10-31,Standard
M0896,Hanout 896,Casablanca,2025-11-16,Standard
M0897,Hanout 897,Casablanca,2025-11-24,Standard
M0898,Hanout 898,Agadir,2026-01-14,Standard
M0899,Hanout 899,Casablanca,2026-03-07,Standard
M0900,Hanout 900,Casablanca,2026-01-29,Standard
M0901,Hanout 901,Casablanca,2025-11-24,Standard
M0902,Hanout 902,Casablanca,2026-02-21,Standard
M0903,Hanout 903,Casablanca,2025-10-12,Standard
M0904,Hanout 904,Marrakech,2026-02-22,Standard
M0905,Hanout 905,Rabat,2026-02-21,Standard
M0906,Hanout 906,Agadir,2026-02-17,Standard
M0907,Hanout 907,Agadir,2026-02-13,Standard
M0908,Hanout 908,Casablanca,2025-10-03,Standard
M0909,Hanout 909,Casablanca,2026-02-21,Standard
M0910,Hanout 910,Casablanca,2025-10-30,Standard
M0911,Hanout 911,Marrakech,2025-10-23,Standard
M0912,Hanout 912,Casablanca,2025-12-31,Premium
M0913,Hanout 913,Marrakech,2026-01-23,Standard
M0914,Hanout 914,Rabat,2026-01-12,Standard
M0915,Hanout 915,Marrakech,2026-01-26,Standard
M0916,Hanout 916,Rabat,2025-10-05,Standard
M0917,Hanout 917,Casablanca,2026-01-12,Standard
M0918,Hanout 918,Tangier,2026-01-16,Standard
M0919,Hanout 919,Fès,2025-12-04,Standard
M0920,Hanout 920,Casablanca,2026-01-29,Premium
M0921,Hanout 921,Agadir,2025-10-30,Standard
M0922,Hanout 922,Rabat,2026-02-26,Standard
M0923,Hanout 923,Agadir,2025-12-23,Premium
M0924,Hanout 924,Fès,2026-02-27,Standard
M0925,Hanout 925,Rabat,2025-11-01,Premium
M0926,Hanout 926,Casablanca,2026-03-10,Standard
M0927,Hanout 927,Casablanca,2025-10-16,Premium
M0928,Hanout 928,Rabat,2025-11-07,Standard
M0929,Hanout 929,Marrakech,2026-02-19,Standard
M0930,Hanout 930,Casablanca,2025-11-05,Standard
M0931,Hanout 931,Casablanca,2026-02-28,Standard
M0932,Hanout 932,Agadir,2026-01-22,Standard
M0933,Hanout 933,Tangier,2025-12-05,Standard
M0934,Hanout 934,Rabat,2026-01-13,Standard
M0935,Hanout 935,Casablanca,2025-12-24,Standard
M0936,Hanout 936,Casablanca,2025-10-02,Standard
M0937,Hanout 937,Casablanca,2025-12-14,Standard
M0938,Hanout 938,Tangier,2025-12-06,Premium
M0939,Hanout 939,Casablanca,2026-03-29,Standard
M0940,Hanout 940,Marrakech,2026-02-28,Premium
M0941,Hanout 941,Casablanca,2026-03-03,Standard
M0942,Hanout 942,Marrakech,2025-11-24,Standard
M0943,Hanout 943,Marrakech,2025-10-06,Standard
M0944,Hanout 944,Agadir,2026-03-12,Standard
M0945,Hanout 945,Casablanca,2026-02-27,Standard
M0946,Hanout 946,Casablanca,2026-03-20,Standard
M0947,Hanout 947,Casablanca,2026-02-20,Standard
M0948,Hanout 948,Tangier,2025-12-25,Premium
M0949,Hanout 949,Agadir,2025-11-29,Standard
M0950,Hanout 950,Marrakech,2026-01-09,Standard
M0951,Hanout 951,Marrakech,2025-10-12,Standard
M0952,Hanout 952,Marrakech,2025-11-18,Standard
M0953,Hanout 953,Casablanca,2025-11-11,Standard
M0954,Hanout 954,Tangier,2026-03-15,Standard
M0955,Hanout 955,Rabat,2025-12-21,Standard
M0956,Hanout 956,Casablanca,2026-03-22,Standard
M0957,Hanout 957,Rabat,2025-11-04,Standard
M0958,Hanout 958,Casablanca,2026-03-07,Premium
M0959,Hanout 959,Casablanca,2026-03-07,Premium
M0960,Hanout 960,Fès,2026-02-11,Standard
M0961,Hanout 961,Casablanca,2025-12-06,Standard
M0962,Hanout 962,Marrakech,2025-12-19,Standard
M0963,Hanout 963,Casablanca,2025-10-07,Premium
M0964,Hanout 964,Casablanca,2026-03-29,Standard
M0965,Hanout 965,Casablanca,2025-10-14,Standard
M0966,Hanout 966,Casablanca,2025-12-12,Standard
M0967,Hanout 967,Fès,2026-02-20,Standard
M0968,Hanout 968,Casablanca,2026-02-26,Standard
M0969,Hanout 969,Marrakech,2026-03-12,Standard
M0970,Hanout 970,Rabat,2025-12-05,Standard
M0971,Hanout 971,Marrakech,2025-12-30,Standard
M0972,Hanout 972,Tangier,2026-02-07,Standard
M0973,Hanout 973,Fès,2026-03-12,Standard
M0974,Hanout 974,Casablanca,2025-10-20,Standard
M0975,Hanout 975,Casablanca,2025-10-10,Standard
M0976,Hanout 976,Casablanca,2025-10-25,Premium
M0977,Hanout 977,Marrakech,2025-10-25,Standard
M0978,Hanout 978,Casablanca,2025-11-23,Standard
M0979,Hanout 979,Rabat,2025-11-02,Standard
M0980,Hanout 980,Marrakech,2026-03-13,Standard
M0981,Hanout 981,Casablanca,2026-01-03,Standard
M0982,Hanout 982,Fès,2025-10-14,Standard
M0983,Hanout 983,Casablanca,2025-12-04,Premium
M0984,Hanout 984,Casablanca,2026-01-18,Standard
M0985,Hanout 985,Fès,2025-12-19,Standard
M0986,Hanout 986,Rabat,2025-11-23,Standard
M0987,Hanout 987,Marrakech,2026-02-02,Standard
M0988,Hanout 988,Rabat,2026-03-29,Standard
M0989,Hanout 989,Casablanca,2026-02-08,Standard
M0990,Hanout 990,Agadir,2026-03-18,Standard
M0991,Hanout 991,Fès,2026-02-11,Standard
M0992,Hanout 992,Marrakech,2025-10-25,Standard
M0993,Hanout 993,Casablanca,2026-02-18,Standard
M0994,Hanout 994,Marrakech,2026-01-25,Standard
M0995,Hanout 995,Casablanca,2026-02-13,Standard
M0996,Hanout 996,Casablanca,2026-02-26,Premium
M0997,Hanout 997,Tangier,2025-10-25,Standard
M0998,Hanout 998,Casablanca,2025-12-18,Standard
M0999,Hanout 999,Tangier,2025-12-07,Standard
M1000,Hanout 1000,Rabat,2026-03-22,Standard
